Begin,End,Label,Type,Speaker
0.0,0.38,because,words,temp
0.38,0.54,our,words,temp
0.54,0.97,leaders,words,temp
0.97,1.03,are,words,temp
1.03,1.67,stupid,words,temp
1.88,2.01,our,words,temp
2.01,2.87,politicians,words,temp
2.87,3.04,are,words,temp
3.04,3.67,stupid,words,temp
0.0,0.03,B,phones,temp
0.03,0.08,IH0,phones,temp
0.08,0.17,K,phones,temp
0.17,0.3,AH0,phones,temp
0.3,0.38,Z,phones,temp
0.38,0.45,AA1,phones,temp
0.45,0.54,R,phones,temp
0.54,0.64,L,phones,temp
0.64,0.72,IY1,phones,temp
0.72,0.76,D,phones,temp
0.76,0.86,ER0,phones,temp
0.86,0.97,Z,phones,temp
0.97,1.03,ER0,phones,temp
1.03,1.23,S,phones,temp
1.23,1.3,T,phones,temp
1.3,1.4,UW1,phones,temp
1.4,1.5,P,phones,temp
1.5,1.6,IH0,phones,temp
1.6,1.67,D,phones,temp
1.88,1.96,AA1,phones,temp
1.96,2.01,R,phones,temp
2.01,2.11,P,phones,temp
2.11,2.21,AA2,phones,temp
2.21,2.29,L,phones,temp
2.29,2.35,AH0,phones,temp
2.35,2.46,T,phones,temp
2.46,2.57,IH1,phones,temp
2.57,2.67,SH,phones,temp
2.67,2.73,AH0,phones,temp
2.73,2.79,N,phones,temp
2.79,2.87,Z,phones,temp
2.87,2.97,AA1,phones,temp
2.97,3.04,R,phones,temp
3.04,3.24,S,phones,temp
3.24,3.31,T,phones,temp
3.31,3.44,UW1,phones,temp
3.44,3.54,P,phones,temp
3.54,3.63,IH0,phones,temp
3.63,3.67,D,phones,temp
